Variable,Index,Value
athlete_swims_event_solo,"Fast1,100Free",1
athlete_swims_event_solo,"Fast1,200Free",0
athlete_swims_event_solo,"Fast1,400Free",1
athlete_swims_event_solo,"Fast1,50Free",1
athlete_swims_event_solo,"Fast2,100Free",0
athlete_swims_event_solo,"Fast2,200Free",1
athlete_swims_event_solo,"Fast2,400Free",1
athlete_swims_event_solo,"Fast2,50Free",1
athlete_swims_event_solo,"Fast3,100Free",1
athlete_swims_event_solo,"Fast3,200Free",1
athlete_swims_event_solo,"Fast3,400Free",1
athlete_swims_event_solo,"Fast3,50Free",0
athlete_swims_event_solo,"Fast4,100Free",1
athlete_swims_event_solo,"Fast4,200Free",1
athlete_swims_event_solo,"Fast4,400Free",0
athlete_swims_event_solo,"Fast4,50Free",1
athlete_swims_event_solo,"Slow1,100Free",0
athlete_swims_event_solo,"Slow1,200Free",1
athlete_swims_event_solo,"Slow1,400Free",1
athlete_swims_event_solo,"Slow1,50Free",1
athlete_swims_event_solo,"Slow2,100Free",1
athlete_swims_event_solo,"Slow2,200Free",1
athlete_swims_event_solo,"Slow2,400Free",0
athlete_swims_event_solo,"Slow2,50Free",1
athlete_swims_event_solo,"Slow3,100Free",1
athlete_swims_event_solo,"Slow3,200Free",1
athlete_swims_event_solo,"Slow3,400Free",1
athlete_swims_event_solo,"Slow3,50Free",0
athlete_swims_event_solo,"Slow4,100Free",0
athlete_swims_event_solo,"Slow4,200Free",1
athlete_swims_event_solo,"Slow4,400Free",1
athlete_swims_event_solo,"Slow4,50Free",1
is_athlete_faster,"Fast1,Fast2,100Free",0
is_athlete_faster,"Fast1,Fast2,200Free",0
is_athlete_faster,"Fast1,Fast2,400Free",0
is_athlete_faster,"Fast1,Fast2,50Free",0
is_athlete_faster,"Fast1,Fast3,100Free",0
is_athlete_faster,"Fast1,Fast3,200Free",0
is_athlete_faster,"Fast1,Fast3,400Free",0
is_athlete_faster,"Fast1,Fast3,50Free",0
is_athlete_faster,"Fast1,Fast4,100Free",1
is_athlete_faster,"Fast1,Fast4,200Free",0
is_athlete_faster,"Fast1,Fast4,400Free",0
is_athlete_faster,"Fast1,Fast4,50Free",0
is_athlete_faster,"Fast1,Slow1,100Free",1
is_athlete_faster,"Fast1,Slow1,200Free",1
is_athlete_faster,"Fast1,Slow1,400Free",1
is_athlete_faster,"Fast1,Slow1,50Free",1
is_athlete_faster,"Fast1,Slow2,100Free",1
is_athlete_faster,"Fast1,Slow2,200Free",1
is_athlete_faster,"Fast1,Slow2,400Free",1
is_athlete_faster,"Fast1,Slow2,50Free",1
is_athlete_faster,"Fast1,Slow3,100Free",1
is_athlete_faster,"Fast1,Slow3,200Free",1
is_athlete_faster,"Fast1,Slow3,400Free",1
is_athlete_faster,"Fast1,Slow3,50Free",1
is_athlete_faster,"Fast1,Slow4,100Free",1
is_athlete_faster,"Fast1,Slow4,200Free",1
is_athlete_faster,"Fast1,Slow4,400Free",1
is_athlete_faster,"Fast1,Slow4,50Free",1
is_athlete_faster,"Fast2,Fast1,100Free",0
is_athlete_faster,"Fast2,Fast1,200Free",0
is_athlete_faster,"Fast2,Fast1,400Free",0
is_athlete_faster,"Fast2,Fast1,50Free",0
is_athlete_faster,"Fast2,Fast3,100Free",0
is_athlete_faster,"Fast2,Fast3,200Free",0
is_athlete_faster,"Fast2,Fast3,400Free",0
is_athlete_faster,"Fast2,Fast3,50Free",0
is_athlete_faster,"Fast2,Fast4,100Free",1
is_athlete_faster,"Fast2,Fast4,200Free",0
is_athlete_faster,"Fast2,Fast4,400Free",0
is_athlete_faster,"Fast2,Fast4,50Free",1
is_athlete_faster,"Fast2,Slow1,100Free",1
is_athlete_faster,"Fast2,Slow1,200Free",1
is_athlete_faster,"Fast2,Slow1,400Free",1
is_athlete_faster,"Fast2,Slow1,50Free",1
is_athlete_faster,"Fast2,Slow2,100Free",1
is_athlete_faster,"Fast2,Slow2,200Free",1
is_athlete_faster,"Fast2,Slow2,400Free",1
is_athlete_faster,"Fast2,Slow2,50Free",1
is_athlete_faster,"Fast2,Slow3,100Free",1
is_athlete_faster,"Fast2,Slow3,200Free",1
is_athlete_faster,"Fast2,Slow3,400Free",1
is_athlete_faster,"Fast2,Slow3,50Free",1
is_athlete_faster,"Fast2,Slow4,100Free",1
is_athlete_faster,"Fast2,Slow4,200Free",1
is_athlete_faster,"Fast2,Slow4,400Free",1
is_athlete_faster,"Fast2,Slow4,50Free",1
is_athlete_faster,"Fast3,Fast1,100Free",0
is_athlete_faster,"Fast3,Fast1,200Free",0
is_athlete_faster,"Fast3,Fast1,400Free",1
is_athlete_faster,"Fast3,Fast1,50Free",0
is_athlete_faster,"Fast3,Fast2,100Free",0
is_athlete_faster,"Fast3,Fast2,200Free",1
is_athlete_faster,"Fast3,Fast2,400Free",1
is_athlete_faster,"Fast3,Fast2,50Free",0
is_athlete_faster,"Fast3,Fast4,100Free",0
is_athlete_faster,"Fast3,Fast4,200Free",1
is_athlete_faster,"Fast3,Fast4,400Free",0
is_athlete_faster,"Fast3,Fast4,50Free",1
is_athlete_faster,"Fast3,Slow1,100Free",1
is_athlete_faster,"Fast3,Slow1,200Free",1
is_athlete_faster,"Fast3,Slow1,400Free",1
is_athlete_faster,"Fast3,Slow1,50Free",1
is_athlete_faster,"Fast3,Slow2,100Free",1
is_athlete_faster,"Fast3,Slow2,200Free",1
is_athlete_faster,"Fast3,Slow2,400Free",1
is_athlete_faster,"Fast3,Slow2,50Free",1
is_athlete_faster,"Fast3,Slow3,100Free",1
is_athlete_faster,"Fast3,Slow3,200Free",1
is_athlete_faster,"Fast3,Slow3,400Free",1
is_athlete_faster,"Fast3,Slow3,50Free",1
is_athlete_faster,"Fast3,Slow4,100Free",1
is_athlete_faster,"Fast3,Slow4,200Free",1
is_athlete_faster,"Fast3,Slow4,400Free",1
is_athlete_faster,"Fast3,Slow4,50Free",1
is_athlete_faster,"Fast4,Fast1,100Free",0
is_athlete_faster,"Fast4,Fast1,200Free",0
is_athlete_faster,"Fast4,Fast1,400Free",1
is_athlete_faster,"Fast4,Fast1,50Free",1
is_athlete_faster,"Fast4,Fast2,100Free",0
is_athlete_faster,"Fast4,Fast2,200Free",1
is_athlete_faster,"Fast4,Fast2,400Free",0
is_athlete_faster,"Fast4,Fast2,50Free",0
is_athlete_faster,"Fast4,Fast3,100Free",1
is_athlete_faster,"Fast4,Fast3,200Free",0
is_athlete_faster,"Fast4,Fast3,400Free",0
is_athlete_faster,"Fast4,Fast3,50Free",0
is_athlete_faster,"Fast4,Slow1,100Free",1
is_athlete_faster,"Fast4,Slow1,200Free",1
is_athlete_faster,"Fast4,Slow1,400Free",1
is_athlete_faster,"Fast4,Slow1,50Free",1
is_athlete_faster,"Fast4,Slow2,100Free",1
is_athlete_faster,"Fast4,Slow2,200Free",1
is_athlete_faster,"Fast4,Slow2,400Free",1
is_athlete_faster,"Fast4,Slow2,50Free",1
is_athlete_faster,"Fast4,Slow3,100Free",1
is_athlete_faster,"Fast4,Slow3,200Free",1
is_athlete_faster,"Fast4,Slow3,400Free",1
is_athlete_faster,"Fast4,Slow3,50Free",1
is_athlete_faster,"Fast4,Slow4,100Free",1
is_athlete_faster,"Fast4,Slow4,200Free",1
is_athlete_faster,"Fast4,Slow4,400Free",1
is_athlete_faster,"Fast4,Slow4,50Free",1
is_athlete_faster,"Slow1,Fast1,100Free",0
is_athlete_faster,"Slow1,Fast1,200Free",0
is_athlete_faster,"Slow1,Fast1,400Free",0
is_athlete_faster,"Slow1,Fast1,50Free",0
is_athlete_faster,"Slow1,Fast2,100Free",0
is_athlete_faster,"Slow1,Fast2,200Free",0
is_athlete_faster,"Slow1,Fast2,400Free",0
is_athlete_faster,"Slow1,Fast2,50Free",0
is_athlete_faster,"Slow1,Fast3,100Free",0
is_athlete_faster,"Slow1,Fast3,200Free",0
is_athlete_faster,"Slow1,Fast3,400Free",0
is_athlete_faster,"Slow1,Fast3,50Free",0
is_athlete_faster,"Slow1,Fast4,100Free",0
is_athlete_faster,"Slow1,Fast4,200Free",0
is_athlete_faster,"Slow1,Fast4,400Free",0
is_athlete_faster,"Slow1,Fast4,50Free",0
is_athlete_faster,"Slow1,Slow2,100Free",1
is_athlete_faster,"Slow1,Slow2,200Free",0
is_athlete_faster,"Slow1,Slow2,400Free",0
is_athlete_faster,"Slow1,Slow2,50Free",0
is_athlete_faster,"Slow1,Slow3,100Free",0
is_athlete_faster,"Slow1,Slow3,200Free",0
is_athlete_faster,"Slow1,Slow3,400Free",1
is_athlete_faster,"Slow1,Slow3,50Free",0
is_athlete_faster,"Slow1,Slow4,100Free",0
is_athlete_faster,"Slow1,Slow4,200Free",1
is_athlete_faster,"Slow1,Slow4,400Free",1
is_athlete_faster,"Slow1,Slow4,50Free",0
is_athlete_faster,"Slow2,Fast1,100Free",0
is_athlete_faster,"Slow2,Fast1,200Free",0
is_athlete_faster,"Slow2,Fast1,400Free",0
is_athlete_faster,"Slow2,Fast1,50Free",0
is_athlete_faster,"Slow2,Fast2,100Free",0
is_athlete_faster,"Slow2,Fast2,200Free",0
is_athlete_faster,"Slow2,Fast2,400Free",0
is_athlete_faster,"Slow2,Fast2,50Free",0
is_athlete_faster,"Slow2,Fast3,100Free",0
is_athlete_faster,"Slow2,Fast3,200Free",0
is_athlete_faster,"Slow2,Fast3,400Free",0
is_athlete_faster,"Slow2,Fast3,50Free",0
is_athlete_faster,"Slow2,Fast4,100Free",0
is_athlete_faster,"Slow2,Fast4,200Free",0
is_athlete_faster,"Slow2,Fast4,400Free",0
is_athlete_faster,"Slow2,Fast4,50Free",0
is_athlete_faster,"Slow2,Slow1,100Free",0
is_athlete_faster,"Slow2,Slow1,200Free",1
is_athlete_faster,"Slow2,Slow1,400Free",1
is_athlete_faster,"Slow2,Slow1,50Free",0
is_athlete_faster,"Slow2,Slow3,100Free",0
is_athlete_faster,"Slow2,Slow3,200Free",0
is_athlete_faster,"Slow2,Slow3,400Free",1
is_athlete_faster,"Slow2,Slow3,50Free",0
is_athlete_faster,"Slow2,Slow4,100Free",0
is_athlete_faster,"Slow2,Slow4,200Free",1
is_athlete_faster,"Slow2,Slow4,400Free",0
is_athlete_faster,"Slow2,Slow4,50Free",1
is_athlete_faster,"Slow3,Fast1,100Free",0
is_athlete_faster,"Slow3,Fast1,200Free",0
is_athlete_faster,"Slow3,Fast1,400Free",0
is_athlete_faster,"Slow3,Fast1,50Free",0
is_athlete_faster,"Slow3,Fast2,100Free",0
is_athlete_faster,"Slow3,Fast2,200Free",0
is_athlete_faster,"Slow3,Fast2,400Free",0
is_athlete_faster,"Slow3,Fast2,50Free",0
is_athlete_faster,"Slow3,Fast3,100Free",0
is_athlete_faster,"Slow3,Fast3,200Free",0
is_athlete_faster,"Slow3,Fast3,400Free",0
is_athlete_faster,"Slow3,Fast3,50Free",0
is_athlete_faster,"Slow3,Fast4,100Free",0
is_athlete_faster,"Slow3,Fast4,200Free",0
is_athlete_faster,"Slow3,Fast4,400Free",0
is_athlete_faster,"Slow3,Fast4,50Free",0
is_athlete_faster,"Slow3,Slow1,100Free",0
is_athlete_faster,"Slow3,Slow1,200Free",1
is_athlete_faster,"Slow3,Slow1,400Free",1
is_athlete_faster,"Slow3,Slow1,50Free",0
is_athlete_faster,"Slow3,Slow2,100Free",1
is_athlete_faster,"Slow3,Slow2,200Free",1
is_athlete_faster,"Slow3,Slow2,400Free",0
is_athlete_faster,"Slow3,Slow2,50Free",1
is_athlete_faster,"Slow3,Slow4,100Free",0
is_athlete_faster,"Slow3,Slow4,200Free",1
is_athlete_faster,"Slow3,Slow4,400Free",0
is_athlete_faster,"Slow3,Slow4,50Free",0
is_athlete_faster,"Slow4,Fast1,100Free",0
is_athlete_faster,"Slow4,Fast1,200Free",0
is_athlete_faster,"Slow4,Fast1,400Free",0
is_athlete_faster,"Slow4,Fast1,50Free",0
is_athlete_faster,"Slow4,Fast2,100Free",0
is_athlete_faster,"Slow4,Fast2,200Free",0
is_athlete_faster,"Slow4,Fast2,400Free",0
is_athlete_faster,"Slow4,Fast2,50Free",0
is_athlete_faster,"Slow4,Fast3,100Free",0
is_athlete_faster,"Slow4,Fast3,200Free",0
is_athlete_faster,"Slow4,Fast3,400Free",0
is_athlete_faster,"Slow4,Fast3,50Free",0
is_athlete_faster,"Slow4,Fast4,100Free",0
is_athlete_faster,"Slow4,Fast4,200Free",0
is_athlete_faster,"Slow4,Fast4,400Free",0
is_athlete_faster,"Slow4,Fast4,50Free",0
is_athlete_faster,"Slow4,Slow1,100Free",0
is_athlete_faster,"Slow4,Slow1,200Free",1
is_athlete_faster,"Slow4,Slow1,400Free",1
is_athlete_faster,"Slow4,Slow1,50Free",0
is_athlete_faster,"Slow4,Slow2,100Free",0
is_athlete_faster,"Slow4,Slow2,200Free",1
is_athlete_faster,"Slow4,Slow2,400Free",0
is_athlete_faster,"Slow4,Slow2,50Free",1
is_athlete_faster,"Slow4,Slow3,100Free",0
is_athlete_faster,"Slow4,Slow3,200Free",0
is_athlete_faster,"Slow4,Slow3,400Free",0
is_athlete_faster,"Slow4,Slow3,50Free",0
is_ath_rank_p,"1,100Free,Fast1",1
is_ath_rank_p,"1,100Free,Fast2",0
is_ath_rank_p,"1,100Free,Fast3",0
is_ath_rank_p,"1,100Free,Fast4",0
is_ath_rank_p,"1,100Free,Slow1",0
is_ath_rank_p,"1,100Free,Slow2",0
is_ath_rank_p,"1,100Free,Slow3",0
is_ath_rank_p,"1,100Free,Slow4",0
is_ath_rank_p,"1,200Free,Fast1",0
is_ath_rank_p,"1,200Free,Fast2",0
is_ath_rank_p,"1,200Free,Fast3",1
is_ath_rank_p,"1,200Free,Fast4",0
is_ath_rank_p,"1,200Free,Slow1",0
is_ath_rank_p,"1,200Free,Slow2",0
is_ath_rank_p,"1,200Free,Slow3",0
is_ath_rank_p,"1,200Free,Slow4",0
is_ath_rank_p,"1,400Free,Fast1",0
is_ath_rank_p,"1,400Free,Fast2",0
is_ath_rank_p,"1,400Free,Fast3",1
is_ath_rank_p,"1,400Free,Fast4",0
is_ath_rank_p,"1,400Free,Slow1",0
is_ath_rank_p,"1,400Free,Slow2",0
is_ath_rank_p,"1,400Free,Slow3",0
is_ath_rank_p,"1,400Free,Slow4",0
is_ath_rank_p,"1,50Free,Fast1",0
is_ath_rank_p,"1,50Free,Fast2",1
is_ath_rank_p,"1,50Free,Fast3",0
is_ath_rank_p,"1,50Free,Fast4",0
is_ath_rank_p,"1,50Free,Slow1",0
is_ath_rank_p,"1,50Free,Slow2",0
is_ath_rank_p,"1,50Free,Slow3",0
is_ath_rank_p,"1,50Free,Slow4",0
is_ath_rank_p,"2,100Free,Fast1",0
is_ath_rank_p,"2,100Free,Fast2",0
is_ath_rank_p,"2,100Free,Fast3",1
is_ath_rank_p,"2,100Free,Fast4",0
is_ath_rank_p,"2,100Free,Slow1",0
is_ath_rank_p,"2,100Free,Slow2",0
is_ath_rank_p,"2,100Free,Slow3",0
is_ath_rank_p,"2,100Free,Slow4",0
is_ath_rank_p,"2,200Free,Fast1",0
is_ath_rank_p,"2,200Free,Fast2",0
is_ath_rank_p,"2,200Free,Fast3",0
is_ath_rank_p,"2,200Free,Fast4",1
is_ath_rank_p,"2,200Free,Slow1",0
is_ath_rank_p,"2,200Free,Slow2",0
is_ath_rank_p,"2,200Free,Slow3",0
is_ath_rank_p,"2,200Free,Slow4",0
is_ath_rank_p,"2,400Free,Fast1",0
is_ath_rank_p,"2,400Free,Fast2",1
is_ath_rank_p,"2,400Free,Fast3",0
is_ath_rank_p,"2,400Free,Fast4",0
is_ath_rank_p,"2,400Free,Slow1",0
is_ath_rank_p,"2,400Free,Slow2",0
is_ath_rank_p,"2,400Free,Slow3",0
is_ath_rank_p,"2,400Free,Slow4",0
is_ath_rank_p,"2,50Free,Fast1",1
is_ath_rank_p,"2,50Free,Fast2",0
is_ath_rank_p,"2,50Free,Fast3",0
is_ath_rank_p,"2,50Free,Fast4",0
is_ath_rank_p,"2,50Free,Slow1",0
is_ath_rank_p,"2,50Free,Slow2",0
is_ath_rank_p,"2,50Free,Slow3",0
is_ath_rank_p,"2,50Free,Slow4",0
is_ath_rank_p,"3,100Free,Fast1",0
is_ath_rank_p,"3,100Free,Fast2",0
is_ath_rank_p,"3,100Free,Fast3",0
is_ath_rank_p,"3,100Free,Fast4",1
is_ath_rank_p,"3,100Free,Slow1",0
is_ath_rank_p,"3,100Free,Slow2",0
is_ath_rank_p,"3,100Free,Slow3",0
is_ath_rank_p,"3,100Free,Slow4",0
is_ath_rank_p,"3,200Free,Fast1",0
is_ath_rank_p,"3,200Free,Fast2",1
is_ath_rank_p,"3,200Free,Fast3",0
is_ath_rank_p,"3,200Free,Fast4",0
is_ath_rank_p,"3,200Free,Slow1",0
is_ath_rank_p,"3,200Free,Slow2",0
is_ath_rank_p,"3,200Free,Slow3",0
is_ath_rank_p,"3,200Free,Slow4",0
is_ath_rank_p,"3,400Free,Fast1",1
is_ath_rank_p,"3,400Free,Fast2",0
is_ath_rank_p,"3,400Free,Fast3",0
is_ath_rank_p,"3,400Free,Fast4",0
is_ath_rank_p,"3,400Free,Slow1",0
is_ath_rank_p,"3,400Free,Slow2",0
is_ath_rank_p,"3,400Free,Slow3",0
is_ath_rank_p,"3,400Free,Slow4",0
is_ath_rank_p,"3,50Free,Fast1",0
is_ath_rank_p,"3,50Free,Fast2",0
is_ath_rank_p,"3,50Free,Fast3",0
is_ath_rank_p,"3,50Free,Fast4",1
is_ath_rank_p,"3,50Free,Slow1",0
is_ath_rank_p,"3,50Free,Slow2",0
is_ath_rank_p,"3,50Free,Slow3",0
is_ath_rank_p,"3,50Free,Slow4",0
is_ath_rank_p,"4,100Free,Fast1",0
is_ath_rank_p,"4,100Free,Fast2",0
is_ath_rank_p,"4,100Free,Fast3",0
is_ath_rank_p,"4,100Free,Fast4",0
is_ath_rank_p,"4,100Free,Slow1",0
is_ath_rank_p,"4,100Free,Slow2",0
is_ath_rank_p,"4,100Free,Slow3",0
is_ath_rank_p,"4,100Free,Slow4",0
is_ath_rank_p,"4,200Free,Fast1",0
is_ath_rank_p,"4,200Free,Fast2",0
is_ath_rank_p,"4,200Free,Fast3",0
is_ath_rank_p,"4,200Free,Fast4",0
is_ath_rank_p,"4,200Free,Slow1",0
is_ath_rank_p,"4,200Free,Slow2",0
is_ath_rank_p,"4,200Free,Slow3",0
is_ath_rank_p,"4,200Free,Slow4",0
is_ath_rank_p,"4,400Free,Fast1",0
is_ath_rank_p,"4,400Free,Fast2",0
is_ath_rank_p,"4,400Free,Fast3",0
is_ath_rank_p,"4,400Free,Fast4",0
is_ath_rank_p,"4,400Free,Slow1",0
is_ath_rank_p,"4,400Free,Slow2",0
is_ath_rank_p,"4,400Free,Slow3",0
is_ath_rank_p,"4,400Free,Slow4",0
is_ath_rank_p,"4,50Free,Fast1",0
is_ath_rank_p,"4,50Free,Fast2",0
is_ath_rank_p,"4,50Free,Fast3",0
is_ath_rank_p,"4,50Free,Fast4",0
is_ath_rank_p,"4,50Free,Slow1",0
is_ath_rank_p,"4,50Free,Slow2",0
is_ath_rank_p,"4,50Free,Slow3",0
is_ath_rank_p,"4,50Free,Slow4",0
is_ath_rank_p,"5,100Free,Fast1",0
is_ath_rank_p,"5,100Free,Fast2",0
is_ath_rank_p,"5,100Free,Fast3",0
is_ath_rank_p,"5,100Free,Fast4",0
is_ath_rank_p,"5,100Free,Slow1",0
is_ath_rank_p,"5,100Free,Slow2",0
is_ath_rank_p,"5,100Free,Slow3",1
is_ath_rank_p,"5,100Free,Slow4",0
is_ath_rank_p,"5,200Free,Fast1",0
is_ath_rank_p,"5,200Free,Fast2",0
is_ath_rank_p,"5,200Free,Fast3",0
is_ath_rank_p,"5,200Free,Fast4",0
is_ath_rank_p,"5,200Free,Slow1",0
is_ath_rank_p,"5,200Free,Slow2",0
is_ath_rank_p,"5,200Free,Slow3",1
is_ath_rank_p,"5,200Free,Slow4",0
is_ath_rank_p,"5,400Free,Fast1",0
is_ath_rank_p,"5,400Free,Fast2",0
is_ath_rank_p,"5,400Free,Fast3",0
is_ath_rank_p,"5,400Free,Fast4",0
is_ath_rank_p,"5,400Free,Slow1",0
is_ath_rank_p,"5,400Free,Slow2",0
is_ath_rank_p,"5,400Free,Slow3",0
is_ath_rank_p,"5,400Free,Slow4",0
is_ath_rank_p,"5,50Free,Fast1",0
is_ath_rank_p,"5,50Free,Fast2",0
is_ath_rank_p,"5,50Free,Fast3",0
is_ath_rank_p,"5,50Free,Fast4",0
is_ath_rank_p,"5,50Free,Slow1",1
is_ath_rank_p,"5,50Free,Slow2",0
is_ath_rank_p,"5,50Free,Slow3",0
is_ath_rank_p,"5,50Free,Slow4",0
is_ath_rank_p,"6,100Free,Fast1",0
is_ath_rank_p,"6,100Free,Fast2",0
is_ath_rank_p,"6,100Free,Fast3",0
is_ath_rank_p,"6,100Free,Fast4",0
is_ath_rank_p,"6,100Free,Slow1",0
is_ath_rank_p,"6,100Free,Slow2",0
is_ath_rank_p,"6,100Free,Slow3",0
is_ath_rank_p,"6,100Free,Slow4",0
is_ath_rank_p,"6,200Free,Fast1",0
is_ath_rank_p,"6,200Free,Fast2",0
is_ath_rank_p,"6,200Free,Fast3",0
is_ath_rank_p,"6,200Free,Fast4",0
is_ath_rank_p,"6,200Free,Slow1",0
is_ath_rank_p,"6,200Free,Slow2",0
is_ath_rank_p,"6,200Free,Slow3",0
is_ath_rank_p,"6,200Free,Slow4",0
is_ath_rank_p,"6,400Free,Fast1",0
is_ath_rank_p,"6,400Free,Fast2",0
is_ath_rank_p,"6,400Free,Fast3",0
is_ath_rank_p,"6,400Free,Fast4",0
is_ath_rank_p,"6,400Free,Slow1",0
is_ath_rank_p,"6,400Free,Slow2",0
is_ath_rank_p,"6,400Free,Slow3",0
is_ath_rank_p,"6,400Free,Slow4",1
is_ath_rank_p,"6,50Free,Fast1",0
is_ath_rank_p,"6,50Free,Fast2",0
is_ath_rank_p,"6,50Free,Fast3",0
is_ath_rank_p,"6,50Free,Fast4",0
is_ath_rank_p,"6,50Free,Slow1",0
is_ath_rank_p,"6,50Free,Slow2",0
is_ath_rank_p,"6,50Free,Slow3",0
is_ath_rank_p,"6,50Free,Slow4",1
is_ath_rank_p,"7,100Free,Fast1",0
is_ath_rank_p,"7,100Free,Fast2",0
is_ath_rank_p,"7,100Free,Fast3",0
is_ath_rank_p,"7,100Free,Fast4",0
is_ath_rank_p,"7,100Free,Slow1",0
is_ath_rank_p,"7,100Free,Slow2",1
is_ath_rank_p,"7,100Free,Slow3",0
is_ath_rank_p,"7,100Free,Slow4",0
is_ath_rank_p,"7,200Free,Fast1",0
is_ath_rank_p,"7,200Free,Fast2",0
is_ath_rank_p,"7,200Free,Fast3",0
is_ath_rank_p,"7,200Free,Fast4",0
is_ath_rank_p,"7,200Free,Slow1",0
is_ath_rank_p,"7,200Free,Slow2",1
is_ath_rank_p,"7,200Free,Slow3",0
is_ath_rank_p,"7,200Free,Slow4",0
is_ath_rank_p,"7,400Free,Fast1",0
is_ath_rank_p,"7,400Free,Fast2",0
is_ath_rank_p,"7,400Free,Fast3",0
is_ath_rank_p,"7,400Free,Fast4",0
is_ath_rank_p,"7,400Free,Slow1",0
is_ath_rank_p,"7,400Free,Slow2",0
is_ath_rank_p,"7,400Free,Slow3",1
is_ath_rank_p,"7,400Free,Slow4",0
is_ath_rank_p,"7,50Free,Fast1",0
is_ath_rank_p,"7,50Free,Fast2",0
is_ath_rank_p,"7,50Free,Fast3",0
is_ath_rank_p,"7,50Free,Fast4",0
is_ath_rank_p,"7,50Free,Slow1",0
is_ath_rank_p,"7,50Free,Slow2",1
is_ath_rank_p,"7,50Free,Slow3",0
is_ath_rank_p,"7,50Free,Slow4",0
is_ath_rank_p,"8,100Free,Fast1",0
is_ath_rank_p,"8,100Free,Fast2",1
is_ath_rank_p,"8,100Free,Fast3",0
is_ath_rank_p,"8,100Free,Fast4",0
is_ath_rank_p,"8,100Free,Slow1",1
is_ath_rank_p,"8,100Free,Slow2",0
is_ath_rank_p,"8,100Free,Slow3",0
is_ath_rank_p,"8,100Free,Slow4",1
is_ath_rank_p,"8,200Free,Fast1",1
is_ath_rank_p,"8,200Free,Fast2",0
is_ath_rank_p,"8,200Free,Fast3",0
is_ath_rank_p,"8,200Free,Fast4",0
is_ath_rank_p,"8,200Free,Slow1",1
is_ath_rank_p,"8,200Free,Slow2",0
is_ath_rank_p,"8,200Free,Slow3",0
is_ath_rank_p,"8,200Free,Slow4",1
is_ath_rank_p,"8,400Free,Fast1",0
is_ath_rank_p,"8,400Free,Fast2",0
is_ath_rank_p,"8,400Free,Fast3",0
is_ath_rank_p,"8,400Free,Fast4",1
is_ath_rank_p,"8,400Free,Slow1",1
is_ath_rank_p,"8,400Free,Slow2",1
is_ath_rank_p,"8,400Free,Slow3",0
is_ath_rank_p,"8,400Free,Slow4",0
is_ath_rank_p,"8,50Free,Fast1",0
is_ath_rank_p,"8,50Free,Fast2",0
is_ath_rank_p,"8,50Free,Fast3",1
is_ath_rank_p,"8,50Free,Fast4",0
is_ath_rank_p,"8,50Free,Slow1",0
is_ath_rank_p,"8,50Free,Slow2",0
is_ath_rank_p,"8,50Free,Slow3",1
is_ath_rank_p,"8,50Free,Slow4",0
placement_solo,"100Free,Fast1",1
placement_solo,"100Free,Fast2",8
placement_solo,"100Free,Fast3",2
placement_solo,"100Free,Fast4",3
placement_solo,"100Free,Slow1",8
placement_solo,"100Free,Slow2",7
placement_solo,"100Free,Slow3",5
placement_solo,"100Free,Slow4",8
placement_solo,"200Free,Fast1",8
placement_solo,"200Free,Fast2",3
placement_solo,"200Free,Fast3",1
placement_solo,"200Free,Fast4",2
placement_solo,"200Free,Slow1",8
placement_solo,"200Free,Slow2",7
placement_solo,"200Free,Slow3",5
placement_solo,"200Free,Slow4",8
placement_solo,"400Free,Fast1",3
placement_solo,"400Free,Fast2",2
placement_solo,"400Free,Fast3",1
placement_solo,"400Free,Fast4",8
placement_solo,"400Free,Slow1",8
placement_solo,"400Free,Slow2",8
placement_solo,"400Free,Slow3",7
placement_solo,"400Free,Slow4",6
placement_solo,"50Free,Fast1",2
placement_solo,"50Free,Fast2",1
placement_solo,"50Free,Fast3",8
placement_solo,"50Free,Fast4",3
placement_solo,"50Free,Slow1",5
placement_solo,"50Free,Slow2",7
placement_solo,"50Free,Slow3",8
placement_solo,"50Free,Slow4",6
athlete_swims_event_rel,"Fast1,200FreeRelay,A",0
athlete_swims_event_rel,"Fast1,200FreeRelay,B",0
athlete_swims_event_rel,"Fast1,400FreeRelay,A",0
athlete_swims_event_rel,"Fast1,400FreeRelay,B",0
athlete_swims_event_rel,"Fast2,200FreeRelay,A",0
athlete_swims_event_rel,"Fast2,200FreeRelay,B",0
athlete_swims_event_rel,"Fast2,400FreeRelay,A",0
athlete_swims_event_rel,"Fast2,400FreeRelay,B",0
athlete_swims_event_rel,"Fast3,200FreeRelay,A",0
athlete_swims_event_rel,"Fast3,200FreeRelay,B",0
athlete_swims_event_rel,"Fast3,400FreeRelay,A",0
athlete_swims_event_rel,"Fast3,400FreeRelay,B",0
athlete_swims_event_rel,"Fast4,200FreeRelay,A",0
athlete_swims_event_rel,"Fast4,200FreeRelay,B",0
athlete_swims_event_rel,"Fast4,400FreeRelay,A",0
athlete_swims_event_rel,"Fast4,400FreeRelay,B",0
athlete_swims_event_rel,"Slow1,200FreeRelay,A",0
athlete_swims_event_rel,"Slow1,200FreeRelay,B",0
athlete_swims_event_rel,"Slow1,400FreeRelay,A",0
athlete_swims_event_rel,"Slow1,400FreeRelay,B",0
athlete_swims_event_rel,"Slow2,200FreeRelay,A",0
athlete_swims_event_rel,"Slow2,200FreeRelay,B",0
athlete_swims_event_rel,"Slow2,400FreeRelay,A",0
athlete_swims_event_rel,"Slow2,400FreeRelay,B",0
athlete_swims_event_rel,"Slow3,200FreeRelay,A",0
athlete_swims_event_rel,"Slow3,200FreeRelay,B",0
athlete_swims_event_rel,"Slow3,400FreeRelay,A",0
athlete_swims_event_rel,"Slow3,400FreeRelay,B",0
athlete_swims_event_rel,"Slow4,200FreeRelay,A",0
athlete_swims_event_rel,"Slow4,200FreeRelay,B",0
athlete_swims_event_rel,"Slow4,400FreeRelay,A",0
athlete_swims_event_rel,"Slow4,400FreeRelay,B",0
is_team_faster,"Fast,Slow,200FreeRelay,A",1
is_team_faster,"Fast,Slow,200FreeRelay,B",1
is_team_faster,"Fast,Slow,400FreeRelay,A",1
is_team_faster,"Fast,Slow,400FreeRelay,B",1
is_team_faster,"Slow,Fast,200FreeRelay,A",0
is_team_faster,"Slow,Fast,200FreeRelay,B",0
is_team_faster,"Slow,Fast,400FreeRelay,A",0
is_team_faster,"Slow,Fast,400FreeRelay,B",0
is_rank_p,"Fast,1,200FreeRelay,A",1
is_rank_p,"Fast,1,200FreeRelay,B",1
is_rank_p,"Fast,1,400FreeRelay,A",1
is_rank_p,"Fast,1,400FreeRelay,B",1
is_rank_p,"Fast,2,200FreeRelay,A",0
is_rank_p,"Fast,2,200FreeRelay,B",0
is_rank_p,"Fast,2,400FreeRelay,A",0
is_rank_p,"Fast,2,400FreeRelay,B",0
is_rank_p,"Slow,1,200FreeRelay,A",0
is_rank_p,"Slow,1,200FreeRelay,B",0
is_rank_p,"Slow,1,400FreeRelay,A",0
is_rank_p,"Slow,1,400FreeRelay,B",0
is_rank_p,"Slow,2,200FreeRelay,A",1
is_rank_p,"Slow,2,200FreeRelay,B",1
is_rank_p,"Slow,2,400FreeRelay,A",1
is_rank_p,"Slow,2,400FreeRelay,B",1
total_rel_time,"200FreeRelay,A,Fast",0
total_rel_time,"200FreeRelay,A,Slow",0
total_rel_time,"200FreeRelay,B,Fast",0
total_rel_time,"200FreeRelay,B,Slow",0
total_rel_time,"400FreeRelay,A,Fast",0
total_rel_time,"400FreeRelay,A,Slow",0
total_rel_time,"400FreeRelay,B,Fast",0
total_rel_time,"400FreeRelay,B,Slow",0
placement,"Fast,200FreeRelay,A",1
placement,"Fast,200FreeRelay,B",1
placement,"Fast,400FreeRelay,A",1
placement,"Fast,400FreeRelay,B",1
placement,"Slow,200FreeRelay,A",2
placement,"Slow,200FreeRelay,B",2
placement,"Slow,400FreeRelay,A",2
placement,"Slow,400FreeRelay,B",2
relay_enroll,"Fast,200FreeRelay,A",0
relay_enroll,"Fast,200FreeRelay,B",0
relay_enroll,"Fast,400FreeRelay,A",0
relay_enroll,"Fast,400FreeRelay,B",0
relay_enroll,"Slow,200FreeRelay,A",0
relay_enroll,"Slow,200FreeRelay,B",0
relay_enroll,"Slow,400FreeRelay,A",0
relay_enroll,"Slow,400FreeRelay,B",0
athlete_swims_event_med,"Fast1,200MedRelay,A,Back",0
athlete_swims_event_med,"Fast1,200MedRelay,A,Breast",0
athlete_swims_event_med,"Fast1,200MedRelay,A,Fly",0
athlete_swims_event_med,"Fast1,200MedRelay,A,Free",0
athlete_swims_event_med,"Fast1,200MedRelay,B,Back",0
athlete_swims_event_med,"Fast1,200MedRelay,B,Breast",0
athlete_swims_event_med,"Fast1,200MedRelay,B,Fly",0
athlete_swims_event_med,"Fast1,200MedRelay,B,Free",0
athlete_swims_event_med,"Fast1,400MedRelay,A,Back",0
athlete_swims_event_med,"Fast1,400MedRelay,A,Breast",0
athlete_swims_event_med,"Fast1,400MedRelay,A,Fly",0
athlete_swims_event_med,"Fast1,400MedRelay,A,Free",0
athlete_swims_event_med,"Fast1,400MedRelay,B,Back",0
athlete_swims_event_med,"Fast1,400MedRelay,B,Breast",0
athlete_swims_event_med,"Fast1,400MedRelay,B,Fly",0
athlete_swims_event_med,"Fast1,400MedRelay,B,Free",0
athlete_swims_event_med,"Fast2,200MedRelay,A,Back",0
athlete_swims_event_med,"Fast2,200MedRelay,A,Breast",0
athlete_swims_event_med,"Fast2,200MedRelay,A,Fly",0
athlete_swims_event_med,"Fast2,200MedRelay,A,Free",0
athlete_swims_event_med,"Fast2,200MedRelay,B,Back",0
athlete_swims_event_med,"Fast2,200MedRelay,B,Breast",0
athlete_swims_event_med,"Fast2,200MedRelay,B,Fly",0
athlete_swims_event_med,"Fast2,200MedRelay,B,Free",0
athlete_swims_event_med,"Fast2,400MedRelay,A,Back",0
athlete_swims_event_med,"Fast2,400MedRelay,A,Breast",0
athlete_swims_event_med,"Fast2,400MedRelay,A,Fly",0
athlete_swims_event_med,"Fast2,400MedRelay,A,Free",0
athlete_swims_event_med,"Fast2,400MedRelay,B,Back",0
athlete_swims_event_med,"Fast2,400MedRelay,B,Breast",0
athlete_swims_event_med,"Fast2,400MedRelay,B,Fly",0
athlete_swims_event_med,"Fast2,400MedRelay,B,Free",0
athlete_swims_event_med,"Fast3,200MedRelay,A,Back",0
athlete_swims_event_med,"Fast3,200MedRelay,A,Breast",0
athlete_swims_event_med,"Fast3,200MedRelay,A,Fly",0
athlete_swims_event_med,"Fast3,200MedRelay,A,Free",0
athlete_swims_event_med,"Fast3,200MedRelay,B,Back",0
athlete_swims_event_med,"Fast3,200MedRelay,B,Breast",0
athlete_swims_event_med,"Fast3,200MedRelay,B,Fly",0
athlete_swims_event_med,"Fast3,200MedRelay,B,Free",0
athlete_swims_event_med,"Fast3,400MedRelay,A,Back",0
athlete_swims_event_med,"Fast3,400MedRelay,A,Breast",0
athlete_swims_event_med,"Fast3,400MedRelay,A,Fly",0
athlete_swims_event_med,"Fast3,400MedRelay,A,Free",0
athlete_swims_event_med,"Fast3,400MedRelay,B,Back",0
athlete_swims_event_med,"Fast3,400MedRelay,B,Breast",0
athlete_swims_event_med,"Fast3,400MedRelay,B,Fly",0
athlete_swims_event_med,"Fast3,400MedRelay,B,Free",0
athlete_swims_event_med,"Fast4,200MedRelay,A,Back",0
athlete_swims_event_med,"Fast4,200MedRelay,A,Breast",0
athlete_swims_event_med,"Fast4,200MedRelay,A,Fly",0
athlete_swims_event_med,"Fast4,200MedRelay,A,Free",0
athlete_swims_event_med,"Fast4,200MedRelay,B,Back",0
athlete_swims_event_med,"Fast4,200MedRelay,B,Breast",0
athlete_swims_event_med,"Fast4,200MedRelay,B,Fly",0
athlete_swims_event_med,"Fast4,200MedRelay,B,Free",0
athlete_swims_event_med,"Fast4,400MedRelay,A,Back",0
athlete_swims_event_med,"Fast4,400MedRelay,A,Breast",0
athlete_swims_event_med,"Fast4,400MedRelay,A,Fly",0
athlete_swims_event_med,"Fast4,400MedRelay,A,Free",0
athlete_swims_event_med,"Fast4,400MedRelay,B,Back",0
athlete_swims_event_med,"Fast4,400MedRelay,B,Breast",0
athlete_swims_event_med,"Fast4,400MedRelay,B,Fly",0
athlete_swims_event_med,"Fast4,400MedRelay,B,Free",0
athlete_swims_event_med,"Slow1,200MedRelay,A,Back",0
athlete_swims_event_med,"Slow1,200MedRelay,A,Breast",0
athlete_swims_event_med,"Slow1,200MedRelay,A,Fly",0
athlete_swims_event_med,"Slow1,200MedRelay,A,Free",0
athlete_swims_event_med,"Slow1,200MedRelay,B,Back",0
athlete_swims_event_med,"Slow1,200MedRelay,B,Breast",0
athlete_swims_event_med,"Slow1,200MedRelay,B,Fly",0
athlete_swims_event_med,"Slow1,200MedRelay,B,Free",0
athlete_swims_event_med,"Slow1,400MedRelay,A,Back",0
athlete_swims_event_med,"Slow1,400MedRelay,A,Breast",0
athlete_swims_event_med,"Slow1,400MedRelay,A,Fly",0
athlete_swims_event_med,"Slow1,400MedRelay,A,Free",0
athlete_swims_event_med,"Slow1,400MedRelay,B,Back",0
athlete_swims_event_med,"Slow1,400MedRelay,B,Breast",0
athlete_swims_event_med,"Slow1,400MedRelay,B,Fly",0
athlete_swims_event_med,"Slow1,400MedRelay,B,Free",0
athlete_swims_event_med,"Slow2,200MedRelay,A,Back",0
athlete_swims_event_med,"Slow2,200MedRelay,A,Breast",0
athlete_swims_event_med,"Slow2,200MedRelay,A,Fly",0
athlete_swims_event_med,"Slow2,200MedRelay,A,Free",0
athlete_swims_event_med,"Slow2,200MedRelay,B,Back",0
athlete_swims_event_med,"Slow2,200MedRelay,B,Breast",0
athlete_swims_event_med,"Slow2,200MedRelay,B,Fly",0
athlete_swims_event_med,"Slow2,200MedRelay,B,Free",0
athlete_swims_event_med,"Slow2,400MedRelay,A,Back",0
athlete_swims_event_med,"Slow2,400MedRelay,A,Breast",0
athlete_swims_event_med,"Slow2,400MedRelay,A,Fly",0
athlete_swims_event_med,"Slow2,400MedRelay,A,Free",0
athlete_swims_event_med,"Slow2,400MedRelay,B,Back",0
athlete_swims_event_med,"Slow2,400MedRelay,B,Breast",0
athlete_swims_event_med,"Slow2,400MedRelay,B,Fly",0
athlete_swims_event_med,"Slow2,400MedRelay,B,Free",0
athlete_swims_event_med,"Slow3,200MedRelay,A,Back",0
athlete_swims_event_med,"Slow3,200MedRelay,A,Breast",0
athlete_swims_event_med,"Slow3,200MedRelay,A,Fly",0
athlete_swims_event_med,"Slow3,200MedRelay,A,Free",0
athlete_swims_event_med,"Slow3,200MedRelay,B,Back",0
athlete_swims_event_med,"Slow3,200MedRelay,B,Breast",0
athlete_swims_event_med,"Slow3,200MedRelay,B,Fly",0
athlete_swims_event_med,"Slow3,200MedRelay,B,Free",0
athlete_swims_event_med,"Slow3,400MedRelay,A,Back",0
athlete_swims_event_med,"Slow3,400MedRelay,A,Breast",0
athlete_swims_event_med,"Slow3,400MedRelay,A,Fly",0
athlete_swims_event_med,"Slow3,400MedRelay,A,Free",0
athlete_swims_event_med,"Slow3,400MedRelay,B,Back",0
athlete_swims_event_med,"Slow3,400MedRelay,B,Breast",0
athlete_swims_event_med,"Slow3,400MedRelay,B,Fly",0
athlete_swims_event_med,"Slow3,400MedRelay,B,Free",0
athlete_swims_event_med,"Slow4,200MedRelay,A,Back",0
athlete_swims_event_med,"Slow4,200MedRelay,A,Breast",0
athlete_swims_event_med,"Slow4,200MedRelay,A,Fly",0
athlete_swims_event_med,"Slow4,200MedRelay,A,Free",0
athlete_swims_event_med,"Slow4,200MedRelay,B,Back",0
athlete_swims_event_med,"Slow4,200MedRelay,B,Breast",0
athlete_swims_event_med,"Slow4,200MedRelay,B,Fly",0
athlete_swims_event_med,"Slow4,200MedRelay,B,Free",0
athlete_swims_event_med,"Slow4,400MedRelay,A,Back",0
athlete_swims_event_med,"Slow4,400MedRelay,A,Breast",0
athlete_swims_event_med,"Slow4,400MedRelay,A,Fly",0
athlete_swims_event_med,"Slow4,400MedRelay,A,Free",0
athlete_swims_event_med,"Slow4,400MedRelay,B,Back",0
athlete_swims_event_med,"Slow4,400MedRelay,B,Breast",0
athlete_swims_event_med,"Slow4,400MedRelay,B,Fly",0
athlete_swims_event_med,"Slow4,400MedRelay,B,Free",0
is_team_faster_med,"Fast,Slow,200MedRelay,A",1
is_team_faster_med,"Fast,Slow,200MedRelay,B",1
is_team_faster_med,"Fast,Slow,400MedRelay,A",1
is_team_faster_med,"Fast,Slow,400MedRelay,B",1
is_team_faster_med,"Slow,Fast,200MedRelay,A",0
is_team_faster_med,"Slow,Fast,200MedRelay,B",0
is_team_faster_med,"Slow,Fast,400MedRelay,A",0
is_team_faster_med,"Slow,Fast,400MedRelay,B",0
is_rank_p_med,"Fast,1,200MedRelay,A",1
is_rank_p_med,"Fast,1,200MedRelay,B",1
is_rank_p_med,"Fast,1,400MedRelay,A",1
is_rank_p_med,"Fast,1,400MedRelay,B",1
is_rank_p_med,"Fast,2,200MedRelay,A",0
is_rank_p_med,"Fast,2,200MedRelay,B",0
is_rank_p_med,"Fast,2,400MedRelay,A",0
is_rank_p_med,"Fast,2,400MedRelay,B",0
is_rank_p_med,"Slow,1,200MedRelay,A",0
is_rank_p_med,"Slow,1,200MedRelay,B",0
is_rank_p_med,"Slow,1,400MedRelay,A",0
is_rank_p_med,"Slow,1,400MedRelay,B",0
is_rank_p_med,"Slow,2,200MedRelay,A",1
is_rank_p_med,"Slow,2,200MedRelay,B",1
is_rank_p_med,"Slow,2,400MedRelay,A",1
is_rank_p_med,"Slow,2,400MedRelay,B",1
total_med_time,"200MedRelay,A,Fast",0
total_med_time,"200MedRelay,A,Slow",0
total_med_time,"200MedRelay,B,Fast",0
total_med_time,"200MedRelay,B,Slow",0
total_med_time,"400MedRelay,A,Fast",0
total_med_time,"400MedRelay,A,Slow",0
total_med_time,"400MedRelay,B,Fast",0
total_med_time,"400MedRelay,B,Slow",0
placement_med,"Fast,200MedRelay,A",1
placement_med,"Fast,200MedRelay,B",1
placement_med,"Fast,400MedRelay,A",1
placement_med,"Fast,400MedRelay,B",1
placement_med,"Slow,200MedRelay,A",2
placement_med,"Slow,200MedRelay,B",2
placement_med,"Slow,400MedRelay,A",2
placement_med,"Slow,400MedRelay,B",2
med_relay_enroll,"Fast,200MedRelay,A",0
med_relay_enroll,"Fast,200MedRelay,B",0
med_relay_enroll,"Fast,400MedRelay,A",0
med_relay_enroll,"Fast,400MedRelay,B",0
med_relay_enroll,"Slow,200MedRelay,A",0
med_relay_enroll,"Slow,200MedRelay,B",0
med_relay_enroll,"Slow,400MedRelay,A",0
med_relay_enroll,"Slow,400MedRelay,B",0
scorer,"Fast1,Fast",1
scorer,"Fast1,Slow",1
scorer,"Fast2,Fast",1
scorer,"Fast2,Slow",1
scorer,"Fast3,Fast",1
scorer,"Fast3,Slow",1
scorer,"Fast4,Fast",1
scorer,"Fast4,Slow",1
scorer,"Slow1,Fast",1
scorer,"Slow1,Slow",1
scorer,"Slow2,Fast",1
scorer,"Slow2,Slow",1
scorer,"Slow3,Fast",1
scorer,"Slow3,Slow",1
scorer,"Slow4,Fast",1
scorer,"Slow4,Slow",1
